Alick,Castlake,$21641.11
2,Bess,Duddy,$24736.46
3,Leodora,Road,$20915.34
4,Tam,Feetham,$38218.09
5,Gene,Hein,$46566.69
6,Allys,Ortelt,$29253.99
7,Lilias,Ommundsen,$46577.92
8,Virge,Lezemere,$39259.69
9,Bertha,Kitteridge,$43990.99
10,Myrah,Dubose,$47677.29
11,Karie,Klimkov,$31731.36
12,Benny,Jeffries,$32097.69
13,Jessamyn,Ashbee,$40071.37
14,Noach,Mackleden,$45452.78
15,Reta,Martinho,$29774.81
16,Janifer,Kermott,$49562.48
17,Florry,McFfaden,$23634.18
18,Steffie,Finlay,$36437.97
19,Manolo,Routhorn,$21363.39
20,Cary,Thorne,$44751.02
21,Keeley,O'Grogane,$47297.22
22,Nonie,Searchwell,$26067.89
23,Port,Peealess,$37315.11
24,Belita,Cooch,$23707.73
25,Redford,De Cleyne,$23867.36
26,Rossie,Lunn,$25833.29
27,Jania,Crayk,$23497.23
28,Sancho,Gierke,$46347.53
29,Donelle,Beynon,$48945.62
30,Ora,Boardman,$35189.88
31,Catha,Jobbings,$41970.13
32,Goldarina,Gosforth,$40704.44
33,Geri,Boshere,$49459.46
34,Berti,Figures,$24340.22
35,Forest,Dalgarnowch,$36336.48
36,Margo,Gatsby,$26532.91
37,Jamaal,Farlham,$29668.65
38,Costanza,Schroder,$44721.94
39,Bjorn,Coggings,$26242.88
40,Kermit,Phythian,$45665.41
41,Andi,Ruckhard,$29952.29
42,Lurette,Leteurtre,$32093.05
43,Ulrikaumeko,Noods,$36495.44
44,Filippo,Senechell,$42069.97
45,Merralee,Ashleigh,$22854.17
46,Dulci,Pavlovic,$35050.81
47,Suzanne,Tomlins,$42448.64
48,Emelda,Oene,$41583.15
49,Jorey,Macveigh,$33472.36
50,Katheryn,Matus,$28864.19
51,Merry,Greatorex,$38151.01
52,Chane,Pyke,$22093.42
53,Antonius,Petyankin,$36662.10
54,Odele,Nyland,$32207.46
55,Cord,Flay,$41138.66
56,Ludvig,Soule,$44797.16
57,Jefferey,Poskitt,$24522.28
58,Zenia,Feaver,$37510.60
59,Wayne,Outhwaite,$21236.31
60,Claribel,Lashmore,$46481.74
61,Johann,Marchment,$39086.30
62,Knox,Jealous,$22280.20
63,Auroora,Barbara,$28651.78
64,Frederick,Hattigan,$47370.56
65,Mildrid,Warriner,$24688.00
66,Artair,Haquard,$48278.30
67,Norbie,Lamming,$30856.51
68,Reginald,Millbank,$49198.76
69,Davita,Silk,$28479.80
70,Agnesse,Bainton,$41271.77
71,Warde,Boykett,$26542.75
72,Gardner,Souness,$42114.23
73,Farand,Dickens,$33080.32
74,Demetris,Eadie,$33558.50
75,Justine,Steketee,$27754.09
76,Aurthur,Lemmon,$38798.12
77,Wallas,Kedie,$41359.23
78,Mischa,Yarrell,$20257.47
79,Carlina,Badsworth,$29769.53
80,Weber,Duffer,$42059.72
81,Katharine,Tunna,$40790.28
82,Alisa,Paice,$40018.19
83,Garrard,Breewood,$47184.94
84,Tam,Oulner,$41475.09
85,Byrom,Bambridge,$25439.69
86,Ephrem,Tribbeck,$40737.78
87,Darsie,Pyford,$25383.92
88,Odele,Palluschek,$36310.29
89,Calla,Isac,$49423.65
90,Lotty,Toulamain,$47097.01
91,Lorry,Willgress,$49624.61
92,Drew,Bonsey,$38000.05
93,Aprilette,Beilby,$20451.29
94,Aurelie,McIleen,$20929.40
95,Broddie,Kollasch,$48363.80
96,Melisandra,Pantling,$44061.44
97,Baxter,Mattock,$38857.69
98,Betsy,Spurritt,$21992.15
99,Ilse,Dowyer,$31970.99
100,Damiano,Sayce,$25555.07
101,Dalt,Morriss,$49405.82
102,Rube,McQuilty,$21665.27
103,Adams,Ragg,$44446.95
104,Gustie,Goodfellow,$35859.38
105,Brendin,Pilch,$25860.39
106,Jozef,Dominico,$23121.54
107,Selia,Stag,$33794.56
108,Fawne,Doghartie,$47352.97
109,Irita,Monteath,$28989.86
110,Clotilda,Bass,$22974.55
111,Marian,Faichney,$43305.68
112,Daffy,Sellstrom,$22223.36
113,Saraann,Boulden,$44404.99
114,Helyn,Stanbrooke,$37304.93
115,Kalina,Doy,$27430.28
116,Florian,Cowing,$37791.67
117,Kimmie,Broune,$27744.12
118,Dorothee,Barritt,$45345.32
119,Nathaniel,Spenclay,$32146.53
120,Nikolaos,Torrance,$33440.97
121,Fields,Cucuzza,$39141.92
122,Verene,Veregan,$39193.54
123,Any,Gymblett,$45412.18
124,Curtice,Cruikshanks,$23105.19
125,Tomkin,Hadden,$36662.81
126,Finn,Rosenblatt,$40465.23
127,Vanessa,Verecker,$24373.09
128,Cornie,Swanne,$46519.07
129,Laverne,Libby,$40710.40
130,Zola,Yurocjkin,$35879.84
131,Chrisse,Glentz,$25215.84
132,Patience,Campana,$34115.86
133,Bernardina,Cormode,$44963.46
134,Adda,Nuscha,$30701.03
135,Pincus,MacKeague,$24583.04
136,Sascha,Palethorpe,$27264.77
137,Jennica,Fery,$23114.44
138,Kelly,Crosetto,$47562.68
139,Vladimir,Mattiazzo,$22409.56
140,Warde,Vequaud,$39465.93
141,Matelda,Turpey,$24475.45
142,Maurits,Michie,$45612.22
143,Renie,Goldine,$21826.39
144,Matt,Kneale,$23298.78
145,Emanuel,Wichard,$35779.38
146,Shelagh,Simeon,$27258.89
147,Carmelle,Josephsen,$44706.83
148,Bradford,Hawler,$49296.15
149,Amory,Frostdick,$34819.06
150,Sabrina,Colicot,$23962.67
151,Zenia,Butcher,$21826.20
152,Brittan,Camelia,$48927.66
153,Vincents,Hanwright,$44656.88
154,Bevvy,Snuggs,$37306.42
155,Darsie,de Pinna,$42437.07
156,Rania,Jess,$31202.45
157,Mae,Kesby,$32012.46
158,Adel,Cowdery,$40710.97
159,Zedekiah,Windross,$42909.56
160,Romy,Hendonson,$29082.04
161,Jeannie,Paprotny,$43597.46
162,Elisabetta,Fraczak,$38187.91
163,Nerta,McGrath,$45268.66
164,Forrest,Halvosen,$29988.07
165,Jaynell,Deeming,$36250.45
166,Mag,Petit,$28733.60
167,Bond,Harriott,$40848.41
168,Carr,Gillio,$46482.17
169,Arin,Salvidge,$21438.33
170,Sabra,Sharp,$47692.29
171,Stella,Paunton,$22931.35
172,Marlin,Darrel,$27669.96
173,Jamaal,Cassley,$39655.21
174,Lockwood,Jobbings,$36596.47
175,Colette,Deport,$44621.06
176,Dal,Sweedy,$49070.32
177,Stanley,Heddan,$22181.34
178,Rafa,Lerway,$35744.00
179,Morgan,Fryd,$40601.24
180,Radcliffe,Bibbie,$35768.74
181,Edita,Font,$42704.77
182,Audry,Pitway,$34067.29
183,Alyssa,Biever,$43328.19
184,Gwenore,Bischoff,$27039.66
185,Dante,Bauduccio,$30063.86
186,Lacee,Cowden,$27964.99
187,Cybill,Akid,$38405.39
188,Berny,Andrews,$42483.75
189,Paxon,Sevior,$45574.67
190,Teddie,Heskey,$37789.22
191,Tova,Handscombe,$24668.42
192,Susette,Bosma,$23604.62
193,Talia,Beine,$21911.86
194,Cecil,Serck,$39742.56
195,Bert,Castles,$41667.61
196,Carolina,Lemmertz,$40033.32
197,Lorita,Durran,$23973.43
198,Lotti,Bedinham,$46133.79
199,Bern,Tipper,$43134.31
200,Carlene,Figiovanni,$30055.72
201,Juieta,Handforth,$35459.08
202,Giustino,Abrami,$30853.73
203,Trish,Dixon,$30608.47
204,Leopold,Byrd,$29803.67
205,Davida,Capstake,$35841.04
206,Perceval,Shotboult,$34211.24
207,Hyacinthe,Gregorio,$30893.46
208,Renaldo,Loakes,$35702.82
209,Spenser,Albers,$42649.68
210,Tiphanie,Glassborow,$29233.31
211,Florette,Kays,$28230.68
212,Dalis,McGuigan,$23690.04
213,Hayyim,Torn,$22103.28
214,Patricio,Berrick,$41561.23
215,Clemence,Posselwhite,$25001.02
216,Fabio,Wink,$30535.53
217,Reamonn,Alvarez,$40658.06
218,Blondie,Lepope,$33666.00
219,Morty,Tuny,$25745.41
220,Mathe,Seagood,$26829.76
221,Henka,Desporte,$35703.35
222,Dare,Hambelton,$35296.57
223,Claudie,Pixton,$45924.77
224,Kerrie,Isakovitch,$32761.19
225,Hershel,Zelner,$31014.62
226,Mirabella,Behnen,$43416.67
227,Dareen,McKimmie,$46093.74
228,Dore,Waymont,$31567.45
229,Editha,Lockey,$42030.16
230,Bernard,Beves,$23056.38
231,Natasha,Loughead,$46178.37
232,Vallie,Kyne,$47295.66
233,Lavinie,O'Lochan,$29008.58
234,Helli,Pressnell,$46323.33
235,Michail,Moxom,$22637.56
236,Enrique,Devigne,$26399.49
237,Donall,MacCaffery,$38604.23
238,Appolonia,Ronci,$49771.37
239,Gillian,Reveland,$20316.12
240,Moe,Duddridge,$42126.36
241,Beaufort,Clover,$22075.18
242,Daphne,Sidle,$37205.07
243,Lutero,Goshawke,$21431.40
244,Tommy,Longman,$29671.34
245,Joellyn,Wordsley,$49317.41
246,Madalena,Rembrant,$21238.78
247,Cassie,Fidgeon,$23729.41
248,Jerad,Astbery,$46921.91
249,Shelagh,Upcott,$40577.55
250,Anastasia,McPhelimy,$23659.24
251,Isidor,Yakobowitch,$45625.22
252,Hunt,Liptrod,$35704.90
253,Eva,Wainscot,$44599.94
254,Lodovico,Chatin,$43396.27
255,Mab,Tradewell,$36533.80
256,Tabby,Glanester,$42122.59
257,Lyndsey,Room,$35672.89
258,Winni,Nore,$24887.93
259,Benton,Ormistone,$49003.83
260,Jennine,MacNamara,$44190.30
261,Aldridge,De Bernardi,$39526.99
262,Nerte,Wrettum,$32956.40
263,Morgana,Baus,$38568.77
264,Wrennie,Giacomo,$23591.70
265,Rochelle,More,$31961.81
266,Isacco,Leyre,$23102.04
267,Orella,Kepe,$25674.06
268,Godfry,Almey,$31564.63
269,Kareem,Stops,$31318.22
270,Audre,Eseler,$37160.62
271,Inez,Renwick,$49051.74
272,Ignace,Measom,$33550.10
273,Egon,Matias,$30204.19
274,Costanza,Bream,$39406.61
275,Lamar,Sivess,$31603.67
276,Anthia,Olifard,$37897.32
277,Nonna,Sarle,$22081.41
278,Marcile,Aggett,$21276.31
279,Christina,Juszkiewicz,$31277.06
280,Tabby,Roper,$26933.24
281,Rosalyn,Palliser,$39290.84
282,Hildagard,Cremins,$30849.94
283,Carmita,Bullier,$48069.44
284,Dionysus,McQuaker,$29093.73
285,Mariska,Pimblett,$23326.95
286,Amandi,MacGiany,$21658.11
287,Frans,Swithenby,$29113.21
288,Garald,Luchelli,$36619.95
289,Jelene,Elvins,$37404.33
290,Odille,Madeley,$35813.70
291,Trixie,Hall-Gough,$38752.56
292,Pen,Milan,$21533.98
293,Papagena,Campey,$28549.52
294,Carr,Dannehl,$38118.94
295,Esdras,Potkins,$46561.21
296,Jerrilee,Avraam,$35477.87
297,Stacia,Marshalleck,$39288.06
298,Eugenie,Choffin,$30670.02
299,Cad,Wootton,$31190.05
300,Tiebold,Ganforthe,$40147.46
301,Rona,Hindmoor,$21651.06
302,Teddie,Coomer,$36311.72
303,Neille,Davidov,$42921.62
304,Avis,Tomson,$32920.62
305,Yorgos,Gallifont,$42917.33
306,Caprice,Wadworth,$29496.92
307,Hedi,Decayette,$44852.26
308,Marieann,Dillon,$27689.41
309,Niki,Gee,$25722.68
310,Saudra,Sawtell,$27202.11
311,Ange,Cuttings,$26993.86
312,Sukey,Jahns,$36933.13
313,Gypsy,Coulman,$34815.01
314,Nealon,Buzine,$42042.21
315,Myca,Blastock,$33029.26
316,Nigel,Kenworthey,$44805.89
317,Gilberta,Bickell,$47240.72
318,Ravi,Izkoveski,$46394.01
319,Lombard,Toderbrugge,$25837.71
320,Irene,Blader,$41662.94
321,Merrill,Stocking,$29364.32
322,Martica,Gert,$28254.58
323,Rebeka,Scutter,$36902.15
324,Giulio,Barkshire,$44160.03
325,Jemimah,Woolveridge,$46669.09
326,Bradford,Bellin,$47174.20
327,Reba,Awcock,$36729.91
328,Orelee,Eminson,$48069.59
329,Micheal,Breddy,$46926.40
330,Brynne,Tomsa,$45476.88
331,Blondelle,Huygens,$28392.68
332,Andre,Wray,$43050.24
333,Porty,Ratnage,$44024.13
334,Malvin,Anstey,$20906.93
335,Erna,Shepherdson,$21876.08
336,Briant,Eastby,$30653.12
337,Brandais,Cooney,$35512.89
338,Silvester,Maha,$36660.25
339,Freddie,Towe,$44799.40
340,Ervin,Lightwing,$34552.53
341,Raviv,Lancley,$27192.15
342,Pamella,Korneev,$34453.88
343,Clementina,Beckhurst,$38276.56
344,Casey,Sutterby,$37240.07
345,Josias,Reinbeck,$21384.89
346,Imogen,Bowers,$25344.30
347,Burk,Hauck,$47456.75
348,Tucky,Byrnes,$32905.84
349,Deloria,Dewes,$45192.54
350,Ludovika,Lackinton,$48133.88
351,Sherie,Berkowitz,$24573.10
352,Farrah,Sarfass,$31949.73
353,Carlin,Gait,$43700.89
354,Benton,Polden,$43153.30
355,Paton,Watson,$32378.30
356,Emelen,Dy,$26966.37
357,Bernette,Trinke,$44868.82
358,Rhetta,D'Oyley,$28940.36
359,Kiley,Treven,$41139.11
360,Rafaello,Edmunds,$46795.99
361,Odelle,Webburn,$40255.28
362,Emelita,Coleshill,$34679.77
363,Starla,Goucher,$48894.88
364,Tymon,Mandal,$45429.11
365,Lannie,Martinetto,$28164.80
366,Darelle,Vanyashkin,$31721.92
367,Seumas,Looney,$37063.20
368,Tab,Emblin,$31900.74
369,Elizabet,Prothero,$49256.50
370,Rusty,Kurtis,$24881.48
371,Norrie,Sigsworth,$26898.93
372,Nada,Winscomb,$38008.30
373,Pete,Santacrole,$22138.83
374,Yehudit,Beane,$43523.76
375,Oates,Kedge,$46052.53
376,Kristal,Coping,$33390.12
377,Kipp,Haugg,$28127.14
378,Reamonn,Goard,$45163.73
379,Moss,Walkden,$29418.69
380,Darbie,Giorgeschi,$35897.56
381,Johannes,Sackur,$48127.76
382,Friedrick,Yewdell,$33594.86
383,Tamera,Jannasch,$36436.88
384,Kirstyn,Veltman,$37966.00
385,Davis,Macguire,$34931.03
386,Leila,Rives,$28103.11
387,Timoteo,Tinn,$41246.45
388,Ernest,Woolfall,$38195.14
389,Salem,Stratton,$37441.69
390,Rodi,Shingfield,$25623.52
391,Findley,Cullinan,$23932.48
392,Minny,Inder,$35291.77
393,Brittne,Renyard,$27155.90
394,Wenona,Cheyenne,$20647.24
395,Drusie,Puzey,$26964.72
396,Vannie,McGuff,$22423.06
397,Batholomew,Astall,$31554.16
398,Doralynne,Mollene,$45177.98
399,Meyer,Rodolf,$27566.83
400,Selie,Kubach,$38330.17
401,Horatius,Dartnell,$35997.16
402,Alanna,Lie,$43478.00
403,Berti,Poyser,$21371.85
404,Sher,Andrejs,$49554.66
405,Ingaberg,Stairs,$43605.06
406,Anita,Corde,$20155.48
407,Evelina,Petrushkevich,$27781.52
408,Odey,McQueen,$37716.27
409,Drucy,Tolomei,$39629.54
410,Donaugh,Slowgrave,$29205.84
411,Joseph,Shucksmith,$26962.10
412,Dayle,Malsher,$25143.23
413,Gabriele,Eberle,$28578.43
414,Glen,McCully,$29172.74
415,Fey,Joscelyn,$37305.34
416,Maryanne,Lazare,$39581.23
417,Alleyn,Gentery,$34769.18
418,Torrin,Tomaini,$28212.89
419,Rochette,Jonson,$29154.78
420,Burty,Videler,$43551.73
421,Philipa,de Keep,$26436.16
422,Ekaterina,Meddows,$35816.37
423,Kitti,Cathee,$30705.28
424,Ariadne,Ryrie,$42916.02
425,Lorie,Catlette,$49993.31
426,Les,Aplin,$32687.29
427,Sissie,Dufton,$36928.30
428,Flossy,Pim,$48073.40
429,Arda,Cheyenne,$20364.18
430,Hillier,Ewenson,$23988.24
431,Theodora,Cardoe,$24285.07
432,Dex,Brecknell,$49797.65
433,Alvan,Gashion,$49456.52
434,Alyssa,Vivian,$26927.01
435,Hymie,Knutton,$40742.54
436,Celestyn,Harbertson,$22055.76
437,Matthus,Inston,$26901.40
438,Holt,Diggens,$36093.43
439,Brittaney,Radmer,$36158.82
440,Tommy,Trethewey,$25119.40
441,Marisa,Penniall,$36699.37
442,Pippo,Evreux,$45256.53
443,Adam,Chstney,$30635.58
444,Raul,Dikle,$26090.13
445,Helyn,O'Fallon,$31586.04
446,Mallory,Kibblewhite,$21387.10
447,Flynn,Corben,$31818.40
448,Jamaal,Dolle,$23808.29
449,Kean,Arrighetti,$35149.75
450,Cordula,Gritskov,$36733.50
451,Matt,Lillow,$26761.24
452,Lotty,Millea,$34383.33
453,Darrelle,Abrahams,$34874.85
454,Sherlocke,Rubinovitsch,$43017.10
455,Tris,Vile,$41450.44
456,Skippy,Cambden,$28430.92
457,Westleigh,Pegrum,$38752.34
458,Rivi,Barwise,$43589.91
459,Natty,Skitterel,$46612.16
460,Rad,Fritchly,$21383.86
461,Madeline,Proffer,$40624.99
462,Josepha,Shard,$38203.85
463,Ermin,MacAne,$26031.00
464,Merell,Gaitung,$37309.50
465,Lula,Whall,$35378.96
466,Hanni,Elleyne,$36433.58
467,Philly,Kettell,$38098.75
468,Tamiko,Terese,$45245.15
469,Jasmin,Conway,$40904.07
470,Guglielmo,McGilvary,$37180.06
471,Fleurette,Redhole,$31934.71
472,Libbie,Cheves,$48492.90
473,Jeniffer,Ramble,$29569.09
474,Julianna,Pedler,$23815.66
475,Kizzee,Ilyushkin,$28724.24
476,Corri,McLenahan,$30714.41
477,Karie,Bayston,$25737.09
478,Leroi,Discombe,$30550.51
479,Silvana,Staining,$45335.34
480,Ezmeralda,Brotherick,$41599.28
481,Leona,Sprulls,$37759.31
482,Tamera,Valentetti,$43128.68
483,Enrica,Konke,$44965.24
484,Guillermo,Corday,$40242.26
485,Theresina,Dobell,$34300.62
486,Anson,Halfacre,$49022.77
487,Lindy,Hegges,$49546.08
488,Philomena,Somner,$27286.35
489,Normie,Probat,$22486.19
490,Lonna,Jancey,$37842.72
491,Ealasaid,Montgomery,$31796.05
492,Tanya,Westby,$27483.71
493,Nadia,MacCaffrey,$22154.92
494,Zarah,Nuth,$28566.44
495,Rik,Denisevich,$44699.83
496,Glyn,Jeffery,$44789.73
497,Matthus,Dikles,$35304.22
498,Del,Brittoner,$33982.54
499,Tuck,Andreolli,$28540.70
500,Sauveur,Vernalls,$27460.91
501,Greta,Zavattieri,$29438.52
502,Samantha,Friary,$29703.04
503,Gaye,Caldairou,$27300.64
504,Keefer,Webland,$24324.37
505,Layney,Lipson,$40237.46
506,Matteo,Briar,$30693.50
507,Almira,Tregidgo,$29208.77
508,Mickie,Waller-Bridge,$29024.24
509,Alfreda,Haukey,$48857.64
510,Douglas,Hurdman,$49422.89
511,Louisette,Plimmer,$28205.87
512,Effie,Phillpot,$29889.84
513,Constance,Kevlin,$33967.97
514,Jonell,Rodell,$36622.72
515,Darnell,Cuttles,$22955.74
516,Filmore,Trowsdall,$22478.63
517,Lura,Hayman,$37356.96
518,Coreen,Artiss,$48633.63
519,Eddy,Gowans,$42056.20
520,Dorene,Cringle,$43547.70
521,Evered,Wager,$42785.05
522,Pegeen,Bortoluzzi,$38844.51
523,Bryn,Jessard,$24945.44
524,Rodie,Wormstone,$21834.94
525,Julee,Rawlings,$39053.77
526,Oby,Walkington,$49287.51
527,Michele,Leavens,$25186.78
528,Gardener,Burbidge,$49948.17
529,Abbie,Grissett,$28586.55
530,Engracia,Doogan,$23908.35
531,Griffith,Sabban,$44387.70
532,Dyna,Hunnable,$40492.57
533,Hilliard,Bonnick,$32087.62
534,Shannon,Bew,$33591.92
535,Carolyn,Zebedee,$32427.20
536,Ron,Abramowitch,$37372.33
537,Mel,Lewry,$37386.61
538,Hallie,Huggan,$32635.20
539,Malissa,Matelyunas,$25577.41
540,Corinne,Gogay,$48641.75
541,Oswald,Drewet,$36088.30
542,Benjie,Fortey,$21285.41
543,Ashlie,Hanbury-Brown,$49299.59
544,Rudolfo,Jeyes,$27150.69
545,Stefa,Clewes,$48088.90
546,Marcile,Bandt,$31905.25
547,Wendie,Hellard,$26937.13
548,Grata,Rydings,$23377.83
549,Joanna,MacCall,$21029.43
550,Vyky,Mariault,$28974.82
551,Corena,Tingey,$27532.70
552,Claiborne,Glencros,$21204.10
553,Aurea,Fairpool,$35324.09
554,Khalil,McGookin,$26495.71
555,Angelika,Petow,$30796.82
556,Geoffrey,Clews,$36624.85
557,Cacilie,Bloxham,$22994.73
558,Sela,Naish,$28593.98
559,Derron,Caldeyroux,$44374.39
560,Tomi,Plessing,$23387.86
561,Teador,Esslement,$37762.95
562,Jarred,Jerson,$24472.96
563,Ebonee,Sneden,$31367.01
564,Hally,Ivashinnikov,$37836.80
565,Clifford,Dominguez,$36264.62
566,Morry,Cornick,$22274.65
567,Wallache,Andreutti,$29574.79
568,Debora,Dansey,$49261.60
569,Fin,Thow,$29915.84
570,Reube,Iacobassi,$21539.07
571,Debera,Randal,$33017.67
572,Venus,Weedon,$43093.94
573,Deloria,Calwell,$39062.91
574,Valentine,Measom,$46262.73
575,Rosalinde,Speechly,$42821.80
576,Gus,Marriott,$35010.91
577,Corney,Wyld,$45004.66
578,Elnar,Gobell,$35925.06
579,Coralyn,Wenzel,$24030.31
580,Tanitansy,Hargreves,$29042.54
581,Briant,Thunderman,$34886.69
582,Eleanor,Heugel,$44866.66
583,Glenine,Bricknell,$27476.75
584,Janek,Chesterton,$33079.98
585,Gustavo,Schout,$26533.77
586,Christabel,Undy,$29584.50
587,Enrichetta,Bartke,$39386.83
588,Clarinda,Dudenie,$38994.69
589,Gwenny,Van der Velde,$31431.32
590,Aubry,Hellens,$20185.94
591,Hedwiga,Memory,$39429.16
592,Drucill,Japp,$41850.74
593,Ursulina,Slyford,$38328.14
594,Harp,Coldtart,$29821.10
595,Colette,Densumbe,$31704.53
596,Emmalyn,Gilbey,$32972.79
597,Pris,Ayling,$42876.53
598,Inesita,Sloyan,$31416.22
599,Sharai,Summerlie,$32692.13
600,Ardis,De Bruijn,$33470.40
601,Jaquelin,Featley,$42925.34
602,Dasie,Spry,$33074.62
603,Dalt,Gilding,$26379.03
604,Joete,Jindrak,$39998.07
605,Gregoire,Osgardby,$36477.55
606,Amerigo,Wellington,$49293.68
607,Kellie,Bruhnsen,$40276.00
608,Allayne,Hedworth,$25586.79
609,Monika,Cavanagh,$23066.19
610,Kessia,McGiveen,$24408.11
611,Rita,Plunket,$20857.45
612,Geri,Sandever,$32231.05
613,Riane,Danielsson,$38630.03
614,Jolene,Coard,$28938.72
615,Amby,Yielding,$46336.65
616,Vincenty,Liebmann,$32207.33
617,Tomasina,Maddaford,$21251.01
618,Shaun,Muldownie,$37802.02
619,Alaric,Warratt,$26017.36
620,Harrie,Pavlovsky,$37335.30
621,Onofredo,McMeanma,$30104.78
622,Thorpe,Errigo,$34120.50
623,Quintana,Gilstin,$32978.39
624,Galvan,Babe,$33091.49
625,Corrinne,Apple,$49979.43
626,Marty,Barnicott,$43954.90
627,Eamon,Haseman,$40261.98
628,Johnette,Boom,$34622.76
629,Aidan,Crossfeld,$22603.21
630,Findlay,Angus,$41083.62
631,Erminia,Ratke,$25472.89
632,Chris,Caneo,$31368.82
633,Lynette,Fullerd,$48564.69
634,Westbrooke,Seatter,$22986.49
635,Israel,Culbard,$34292.01
636,Bamby,Cadge,$43948.76
637,Colline,Yegoshin,$44398.19
638,Aldridge,Barde,$33438.33
639,Judy,Burrell,$22634.47
640,Josephine,Kull,$47273.56
641,Rana,Vignal,$46008.52
642,Tobey,Court,$27830.15
643,Priscilla,Miller,$30811.71
644,Stanton,Meadus,$29633.78
645,Kelila,Swinnard,$39205.13
646,Paule,Portch,$31482.93
647,Ferdie,Merrgan,$46083.15
648,Gage,Coole,$29817.52
649,Thia,Sarrell,$41590.22
650,Dyanne,Overal,$43136.08
651,Carole,Ackery,$39929.53
652,Pascale,Burnsell,$21764.86
653,Rozella,Grinley,$27597.46
654,Robbi,Powley,$23722.80
655,Erie,Januszewski,$27884.67
656,Karly,Barock,$46840.96
657,Vannie,Maplesden,$48923.82
658,Lauren,Toogood,$45843.38
659,Wesley,Fosdick,$37540.56
660,Daniel,Decort,$34796.43
661,Nikki,Bradman,$39265.01
662,Yardley,Dandy,$28576.30
663,Sig,Le Page,$25128.50
664,Nataniel,Deeson,$48865.34
665,Fayth,Carlett,$31732.02
666,Arthur,Blaxall,$26962.91
667,Kelly,Boness,$30294.75
668,Cecilia,Middleweek,$28987.95
669,Mair,Mc Carroll,$27597.44
670,Harold,Petrashkov,$24555.45
671,Kylie,Goldsby,$25544.60
672,Ondrea,Tortice,$40828.65
673,Oran,Perton,$32413.24
674,Davidson,Whitlam,$21688.19
675,Ryley,Kinker,$24791.54
676,Elliot,Tattershaw,$28174.05
677,Caritta,Grealy,$29953.18
678,Rudyard,Deyes,$33698.59
679,Lemmie,MacGarrity,$43766.25
680,Suzy,Hugonin,$48476.30
681,Jilly,Dewsbury,$39518.54
682,Wiatt,Blowfield,$32254.69
683,Hershel,Leele,$20461.50
684,Andy,Gilley,$21718.91
685,Kareem,Gilvary,$21083.44
686,Kath,Giorgione,$43462.22
687,Lorrayne,Hennemann,$25842.86
688,Aurel,Robichon,$30739.15
689,Tallou,Wissby,$22720.87
690,Ermin,Rosingdall,$34401.06
691,Delano,Makepeace,$36533.28
692,Bentlee,Freckingham,$38331.63
693,Brietta,Geraghty,$20451.41
694,Flory,Loughton,$24689.06
695,Dannie,Cornely,$25472.49
696,Haily,Fealy,$44588.23
697,Elana,Rontsch,$43423.57
698,Sasha,Arnoll,$37526.10
699,Isacco,Lamperd,$45295.68
700,Meghann,Rewcassell,$24836.61
701,Brandy,Trinkwon,$46035.60
702,Christiano,Bromfield,$45059.83
703,Hermie,Grishkov,$23307.73
704,Ram,Danielis,$21347.53
705,Marney,Gudger,$44864.90
706,Dani,Bernadot,$23160.80
707,Brittani,Fley,$35465.59
708,Travers,Oswal,$26218.22
709,Doralynne,Filipponi,$45452.41
710,Leon,Idney,$34300.09
711,Ricardo,Gwilt,$39215.93
712,Axe,Vennart,$26771.37
713,Teddy,Baudone,$24729.64
714,Dru,Grishakov,$32248.34
715,Becky,Fairest,$31132.62
716,Burr,Daout,$34720.23
717,Camella,Sigmund,$22330.41
718,Lowe,Horsted,$47379.99
719,Daryl,Dudden,$28035.83
720,Maje,McGeagh,$40677.52
721,Val,Tokell,$20853.67
722,Ingra,Newvell,$24030.09
723,Sheila-kathryn,Ricioppo,$34520.01
724,Gare,MacCallion,$42237.97
725,Grethel,Bestiman,$32602.40
726,Elfreda,Bogie,$36825.91
727,Freddi,Debold,$39925.63
728,Norbert,Fante,$40689.39
729,Whitney,O'Henery,$31811.53
730,Bartolomeo,McGinn,$30296.19
731,Evita,Beneze,$25466.68
732,Gilbertine,Bindin,$38060.20
733,West,McCroary,$28720.01
734,Liam,McNay,$36454.86
735,Kakalina,Constantine,$23515.42
736,Clarence,Elks,$33337.14
737,Elga,Rizzolo,$41543.78
738,Pauly,Amerighi,$46528.84
739,Joel,Bramley,$45653.10
740,Clarita,Eardley,$27838.07
741,Reed,Effnert,$26548.21
742,Guillaume,Brisland,$33000.85
743,Parrnell,Munsey,$25969.60
744,Leopold,Dunsmuir,$43983.44
745,Derwin,Glendining,$28455.28
746,Corney,Nineham,$32271.80
747,Bettye,Gluyas,$46987.49
748,Julie,Ghilardini,$40463.82
749,Allyson,Lawley,$23583.08
750,Lorelei,Beccero,$31311.41
751,Chevalier,Klimushev,$39531.66
752,Josefa,Van Castele,$27722.32
753,Pattin,Gyrgorwicx,$39949.05
754,Olia,Mein,$46140.69
755,Mylo,Berzin,$34962.74
756,Lorenzo,Hasser,$41622.36
757,Letti,MacTerrelly,$40029.55
758,Jenelle,Aronovich,$42194.13
759,Thibaut,Karpenya,$37413.05
760,Tori,Turbill,$22062.96
761,Pincas,Isaksson,$42446.03
762,Ewen,Biesty,$33958.02
763,Ilysa,Millery,$29052.52
764,Wayland,Thouless,$46453.51
765,Jorey,Cruxton,$40422.47
766,Creigh,Joss,$24267.29
767,Bonita,Forster,$36986.40
768,Dorice,Meekins,$28184.11
769,Melvin,Domenichelli,$42827.17
770,Deloris,Spelsbury,$49216.77
771,Decca,Plumbley,$42672.08
772,Farrel,Broseke,$29208.83
773,Purcell,Witcherley,$45288.05
774,Edlin,Jozwicki,$35835.14
775,Zarah,Leschelle,$42656.19
776,Evangelin,Padilla,$49298.67
777,Aloise,Stealy,$48079.27
778,Connie,Melrose,$44977.96
779,Gilberto,Tatton,$35283.55
780,Rhys,Keele,$20009.62
781,Golda,Bouldon,$33483.41
782,Symon,Martinez,$36828.77
783,Tonnie,Linguard,$38237.56
784,Susan,Montez,$23190.90
785,Freddie,Kless,$35199.30
786,Juliann,Zamora,$41096.18
787,Maridel,Blyde,$21502.04
788,Rasia,Schettini,$23891.24
789,Elton,Rotham,$44060.68
790,Linet,Shaughnessy,$27835.43
791,Leena,Viegas,$24009.23
792,Cam,Chatwin,$35616.82
793,Toinette,Semon,$39187.41
794,Nissa,Babst,$42584.15
795,Seamus,Atger,$27265.07
796,Alejandro,Geare,$40256.03
797,Geneva,Samart,$21842.49
798,Gavra,Southgate,$47351.44
799,Dara,Saville,$43012.60
800,Pamela,Bales,$37557.69
801,Karlens,Braunes,$40655.90
802,Sully,Shuter,$49712.35
803,Bevan,Viner,$46895.04
804,Noella,Pinchon,$33369.77
805,Bone,Sinclaire,$30504.86
806,Si,Klasing,$23205.05
807,Harald,Beston,$31202.78
808,Dee,Beincken,$43601.55
809,Laurie,Laws,$45181.16
810,Jaquith,MacMeekan,$41317.80
811,Witty,Hollyard,$47241.51
812,Clemente,Gounot,$27701.69
813,Rutledge,Stock,$34900.84
814,Ertha,Venour,$21962.16
815,Ronda,Cockhill,$38182.08
816,Stefan,Casillas,$37006.77
817,Judon,Amiranda,$47540.26
818,Lynnet,Cundey,$36455.33
819,Danica,Doughton,$23656.83
820,Kari,Yes,$30073.42
821,Manny,Makiver,$39658.01
822,Hubey,Balf,$35661.25
823,Billie,Kryszka,$31990.15
824,Tedman,Pickworth,$21681.06
825,Wallie,Yoslowitz,$25133.85
826,Rodolphe,Rohlfing,$31217.38
827,Sibeal,Golson,$28242.73
828,Palmer,Brookbank,$36617.50
829,Libbey,Clarricoates,$33095.92
830,Ella,Offner,$36980.81
831,Romola,Teml,$49947.38
832,Ted,Wyllie,$26642.45
833,Karlan,Filchakov,$43028.71
834,Lucia,Sussans,$45977.25
835,Stevana,Phorsby,$42633.47
836,Traver,Halsted,$24052.03
837,Peadar,Franzonello,$40130.57
838,Meredith,Sains,$23227.78
839,Lucio,Sent,$21423.60
840,Giorgio,Pedrollo,$31399.49
841,Aluino,Burnyeat,$38952.48
842,Morris,Pirnie,$35807.53
843,Sybilla,Scammonden,$20411.65
844,Denny,Earie,$33847.04
845,Paddie,Westraw,$30065.22
846,Wainwright,Colgan,$23384.90
847,Porty,Le Borgne,$36356.76
848,Filia,Louw,$29746.03
849,Michaeline,Fellon,$38657.27
850,Amandie,Kopman,$37110.76
851,Idelle,Downe,$30043.86
852,Pip,Edelheid,$48380.78
853,Krisha,Thackham,$41998.24
854,Debera,Morcomb,$36335.04
855,Alexia,Taft,$26103.68
856,Berna,Praton,$34779.70
857,Artair,Babbs,$36848.85
858,Reggie,Phillimore,$48797.66
859,Filippa,Darlison,$45366.59
860,Stearne,Ramirez,$34445.06
861,Valeda,Crumbleholme,$45305.05
862,Meridel,Feacham,$33718.11
863,Puff,Choat,$46015.50
864,Colette,Bowkley,$34746.50
865,Jorey,Haimes,$35901.60
866,Marrilee,Braitling,$36071.80
867,Randell,Kerwin,$34057.94
868,Drucy,Kuhndel,$24249.58
869,Win,Bikker,$46450.07
870,Leora,Scowcraft,$34841.15
871,Nevins,Gostick,$30922.55
872,Blithe,Bellerby,$20168.15
873,Garrard,Fomichkin,$23301.51
874,Lizzie,Allcock,$45012.07
875,Rayna,Farraway,$26778.27
876,Clarabelle,Harverson,$22939.44
877,Nydia,Stratten,$25471.47
878,Deena,Dobbins,$30539.16
879,Olympe,McAirt,$46227.43
880,Mahmoud,Sagrott,$26697.71
881,Blinni,Ellicock,$46286.35
882,Immanuel,Duplain,$32626.21
883,Caz,Enga,$33901.78
884,Obadiah,Wheadon,$42416.13
885,Jeramie,Tolliday,$39742.76
886,Ardella,Kirsz,$31770.83
887,Eilis,Serle,$32835.38
888,Orelie,Landre,$49620.89
889,Starlin,Pawle,$36691.49
890,Janek,Swait,$21072.47
891,Korry,Drewell,$45488.47
892,Jobie,Brychan,$42780.55
893,Vince,Godrich,$41265.55
894,Thaddeus,Renne,$43794.82
895,Cyrus,Hughlin,$34464.34
896,Missie,Spurden,$35434.94
897,Robinetta,Yerrell,$35296.20
898,Audie,McKinnon,$37296.43
899,Edna,Peppett,$25231.43
900,Cory,Gislebert,$33233.35
901,Noble,Truse,$30998.95
902,Loraine,Gorton,$21272.27
903,Hazlett,Crilly,$24567.18
904,Niko,Chadwen,$24829.20
905,Meghann,McAlarney,$40413.50
906,Tonya,Lummus,$44010.19
907,Meaghan,Treend,$39450.22
908,Rutger,Gullyes,$39124.24
909,Giacinta,Ballsdon,$30957.86
910,Alta,Habbeshaw,$40935.67
911,Dallis,Walch,$47218.46
912,Ricki,Petett,$31140.91
913,Olympie,McKeurton,$39806.20
914,Ralf,Drover,$41920.91
915,Iago,Portal,$44002.62
916,Maryjo,Jelleman,$47173.90
917,Eolande,MacGhee,$22248.02
918,Gunter,Crollman,$21814.28
919,Hakim,Stancliffe,$25317.54
920,Ladonna,Pratley,$20031.36
921,Aldridge,Ferby,$25249.92
922,Linet,Robinson,$30072.75
923,Daveta,Jeffcoate,$38660.14
924,Laughton,Cozzi,$39664.56
925,Aime,Osburn,$36671.65
926,Almire,Tirone,$25416.52
927,Maribel,Kalisch,$30790.41
928,Dannie,Siggin,$44850.91
929,Rutger,Lamasna,$45622.54
930,Selle,Hassan,$31308.32
931,Ricki,Pudsall,$36155.32
932,Leila,Morshead,$39041.77
933,Gena,Burnup,$28538.96
934,Patten,Hyatt,$35858.21
935,Sonya,Jerche,$30229.69
936,Nikolia,Birrane,$26716.02
937,Reinhold,Tresvina,$30473.10
938,Jesse,Walshaw,$25628.38
939,Dorothee,Ryson,$26159.87
940,Farrand,Hancke,$46966.27
941,Wilow,Winsley,$46586.88
942,Melisenda,Shropshire,$40918.27
943,Jessy,Vardon,$47881.37
944,Thorn,Siuda,$46557.02
945,Jase,Seilmann,$49527.10
946,Moss,Stuckley,$32677.38
947,Ruthy,Ricca,$34345.89
948,Cissy,Cissell,$49949.34
949,Brita,Caslane,$38907.63
950,Bald,Macartney,$32511.03
951,Staffard,Di Giorgio,$34287.44
952,Jocelin,Larose,$44010.98
953,Reggie,Raggett,$46405.94
954,Jehu,McCloy,$24393.47
955,Brier,Wanjek,$23146.63
956,Omero,Dosdale,$21592.35
957,Erik,Stille,$42704.23
958,Michele,O'Mannion,$47960.44
959,Miof mela,Yorke,$32081.65
960,Nealon,Phair,$27175.36
961,Carmita,Boden,$43280.63
962,Tades,Taylder,$27459.61
963,Cordula,Rishman,$44264.22
964,Dewitt,Lawrenceson,$43864.58
965,Nico,Roddy,$46155.31
966,Rhys,Seebright,$36241.77
967,Bengt,Glassborow,$35333.40
968,Alister,Grzes,$47896.35
969,Quint,Ketchen,$23920.96
970,Sascha,Tomaini,$24419.65
971,Brooke,Sainter,$34198.69
972,Dorella,Tipler,$20806.76
973,Leena,Shoreman,$30765.25
974,Janey,Mangenot,$48688.04
975,Hale,Filson,$28365.11
976,Timothea,Pregel,$40298.18
977,Krissy,De Gogay,$20920.17
978,Jerrylee,Hawken,$47801.80
979,Cassie,Gehricke,$33640.17
980,Antone,Routhorn,$47800.44
981,Jefferey,Ashfield,$21033.68
982,Elmer,Creser,$37265.42
983,Gillan,Schreurs,$38995.93
984,Rolland,Deschlein,$43753.40
985,Zoe,Iddens,$32041.76
986,Ernestus,Gabitis,$30559.78
987,Arlene,Hardwell,$49956.12
988,Devy,MacGeaney,$36192.40
989,Dodie,Ebertz,$37062.95
990,Myrah,McDyer,$45358.56
991,Ansley,Kirdsch,$40670.46
992,Clarence,McInnes,$32014.16
993,Tomaso,Devaney,$26627.85
994,Florinda,Wilcocke,$25121.44
995,Clementine,Handmore,$39758.87
996,Car,Rothchild,$45668.08
997,Rochell,Cathenod,$46871.39
998,Den,Withams,$39145.83
999,Jackquelin,Lafay,$33780.53
1000,Reyna,Maulkin,$39936.28
